{"cameraMode":{"drawMode":0,"name":"Shaded","section":"Shading Mode"},"sceneLighting":true,"audioPlay":false,"sceneViewState":{"showFog":true,"showMaterialUpdate":false,"showSkybox":true,"showFlares":true,"showImageEffects":true,"showParticleSystems":true},"in2DMode":false,"pivot":{"x":-4.475596904754639,"y":11.625125885009766,"z":6.737495422363281},"rotation":{"x":0.19062943756580354,"y":-0.0441582128405571,"z":0.008584120310842991,"w":0.9806311726570129},"size":134.33843994140626,"orthographic":false}